Date,Matched Keywords,User,Source,Followers,Friends,Favorite,Tweet,predTweet,CleanedTweet
8/5/2020,Biden,YourSiteingGoog,IFTTT,84,198,0,"Breaking #FoxNews Alert : Bien scraps plans to travel to Milwaukee for nomination acceptance, citing coronavirus concerns",breaking foxnews alert biden scraps plans travel milwaukee for nomination acceptance citing coronavirus concerns,"['break', 'foxnew', 'alert', 'bien', 'scrap', 'plan', 'travel', 'milwauke', 'nomin', 'accept', 'cite', 'coronaviru', 'concern']"
8/5/2020,Trump,rbenton75nc,Twitter for Android,15,87,0,@JRubinBlogger Isn't the doctor who gave Trump the test the same doctor that  he tried to put as head of the A? Suid pro Quo?,not the doctor who gave trump the test the same doctor that he tried put as head of the va quid professional quo,"['doctor', 'trump', 'test', 'doctor', 'tri', 'head', 'quid', 'profession']"
8/5/2020,Trump,Mrb18101,Twitter for iPhone,72,134,0,"@WindsorMann The only friends Trump has had his entire life are they ones that can only be bought with money.

Trump would make terrible friend.",the only friends trump has had his entire life are they ones that can only be bought with money trump would make terrible friend,"['friend', 'trump', 'entir', 'life', 'one', 'bought', 'money', 'trump', 'would', 'make', 'terribl', 'friend']"
8/5/2020,Trump,mermansteve,Twitter Web App,5232,5664,0,Trump‚Äôs pick to manage public lands has four-decade history of ‚Äúovert racism‚Äù toward Native people http://t.co/yflltSKcyV by @AlleenBrown,trumps pick manage public lands has fourdecade history of overt racism toward native people by,"['trump', 'pick', 'manag', 'public', 'land', 'fourdecad', 'histori', 'overt', 'racism', 'toward', 'nativ', 'peopl']"
8/5/2020,Trump,biospherian,Twitter Web App,26,167,0,Because Trump is an asshole: http://t.co/Is5rkXYBm9,because trump an asshole,"['trump', 'asshol']"
8/5/2020,Biden,ccabildo,Twitter Web App,48,148,0,"@politico Bien Asks Black Reporter If He‚Äôs A Sunkie On Cocaine.
http://t.co/by2RaUbjdP",biden asks black reporter if hes junkie cocaine,"['bien', 'ask', 'black', 'report', 'junki', 'cocain']"
8/5/2020,Trump,inselratte,Twitter for Android,6454,6454,0,"@RonConnolly9 #Trump the sort of president who failed his oh, so hard, cognitive test because he couldn't answer the question who is the president?",trump the sort of president who failed his oh so hard cognitive test because he could not answer the who the president,"['trump', 'sort', 'presid', 'fail', 'hard', 'cognit', 'test', 'could', 'answer', 'question', 'presid']"
8/5/2020,Trump,LaTortuKawoq,Twitter for iPhone,687,1462,0,"Trump and the OP are currently one of the most dangerous criminal organizations on earth,  #ItIsWhatItIs.

Let‚Äôs #VoteBlueToEndThisNightmare",trump and the gop are currently one of the most dangerous criminal organizations earth itiswhatitis lets votebluetoendthisnightmare,"['trump', 'current', 'danger', 'crimin', 'organ', 'earth', 'itiswhat', 'let', 'votebluetoendthisnightmar']"
8/5/2020,Trump,65Houston,Twitter for Android,421,587,0,So if Trump cant use the white house grounds how about the park across the street with the white house in the back ground?  The Lincoln moment? Somewhere close.  Keep the fire extinguishers near by for Pelopi when she erupts,so if trump cant the white house grounds how about the park across the street with the white house in the back ground the lincoln moument somewhere close keep the fire extinguishers near by for pelosi when she erupts,"['trump', 'cant', 'white', 'hous', 'ground', 'park', 'across', 'street', 'white', 'hous', 'back', 'ground', 'lincoln', 'moment', 'somewher', 'close', 'keep', 'fire', 'extinguish', 'near', 'pelosi', 'erupt']"
8/5/2020,Biden,madisondotcom,SocialNewsDesk,36216,7015,0,"Vice President Joe Bien and other speakers won't be heading to Wisconsin for the NC later this month, Democratic organizers announced Wednesday. http://t.co/mcyF0kit3l",vice president joe biden and other speakers will not be heading wisconsin for the dnc later this month democratic organizers announced wednesday,"['vice', 'presid', 'bien', 'speaker', 'head', 'wisconsin', 'later', 'month', 'democrat', 'organ', 'announc', 'wednesday']"
8/5/2020,Biden,UberNaffa,Twitter for Android,816,697,0,"@MarcACaputo Does anyone care about Bien eulogising his friend and mentor, Strom Thurmond? I've got it, communism bad, but segregationist, white supremacy and racism is ok...? Awesome.",does anyone care about biden eulogising his friend and mentor strom thurmond have got it communism bad but segregationism white supremacy and racism ok awesome,"['anyon', 'care', 'bien', 'eulogis', 'friend', 'mentor', 'strom', 'thurmond', 'commun', 'segregationist', 'white', 'supremaci', 'racism', 'awesom']"
8/5/2020,Trump,usatodaytech,SocialNewsDesk,182984,64,0,The app works almost identically to TikTok and comes as the Trump administration moves to ban TikTok in the U.S. http://t.co/ViXcy1q9Fe,the application works almost identically tiktok and comes as the trump administration moves ban tiktok in the,"['applic', 'work', 'almost', 'ident', 'tiktok', 'come', 'trump', 'administr', 'move', 'tiktok']"
8/5/2020,Trump,kndllshnks,Twitter for iPhone,479,245,0,"also if you consistently tan in order to look dark, you dressed as a frat boy for Halloween while your friend wore an appropriated Native American outfit, and you‚Äôre a trump supporter? I fucking see you and I hope everyone at MTU knows how fucked up that is",also if you consistently tan in order look dark you dressed as frat boy for halloween while your friend wore an appropriated native american outfit and youre trump supporter fucking see you and hope everyone mtsu knows how fucked up that,"['also', 'consist', 'order', 'look', 'dark', 'dress', 'frat', 'halloween', 'friend', 'wore', 'appropri', 'nativ', 'american', 'outfit', 'your', 'trump', 'support', 'fuck', 'hope', 'everyon', 'mt', 'know', 'fuck']"
8/5/2020,Trump,Wildcatalum,Twitter for Android,2571,4996,0,"Another Inspector General Designs, Raising Questions About Pompey

Stephen J. Award became the State Department‚Äôs internal watchdog after his predecessor was fired by President Trump at the urging of Secretary of State Mike Pompey http://t.co/foPGwKxKrh",another inspector general resigns raising questions about pompeo stephen j akard became the state departments internal watchdog after his predecessor was fired by president trump the urging of secretary of state mike pompeo,"['anoth', 'inspector', 'gener', 'resign', 'rais', 'question', 'pompey', 'stephen', 'award', 'becam', 'state', 'depart', 'intern', 'watchdog', 'predecessor', 'fire', 'presid', 'trump', 'urg', 'secretari', 'state', 'mike', 'pompey']"
8/4/2020,Trump,genadamedia,GenadaMedia,1685,1642,0,"Trump: TikTok Must Sell Its American Operations by Sept. 15, Pay the U.S.
http://t.co/no8ofctJtD",trump tiktok must sell its american operations by sept pay the,"['trump', 'tiktok', 'must', 'sell', 'american', 'oper', 'sept']"
8/4/2020,Trump,Carolin64234118,Twitter for Android,0,41,0,@richardmarx I need whatever the reporter is taking to keep his cool. What an exercise in patience. Trump is stammering like a 5 year old caught climbing a chair to reach cookies.,need whatever the reporter taking keep his cool what an exercise in patience trump stammering like year old caught climbing chair reach cookies,"['need', 'whatev', 'report', 'take', 'keep', 'cool', 'exercis', 'patienc', 'trump', 'stammer', 'like', 'year', 'caught', 'climb', 'chair', 'reach', 'cooki']"
8/4/2020,Trump,soulb4time,Twitter Web App,42,117,0,@GOPChairwoman President Trump & the RN keep sending mail to my deceased husband - RIP 1/15/2018. Who's trying to scam who?,president trump and the rnc keep sending mail my deceased husband rip who trying scam who,"['presid', 'trump', 'keep', 'send', 'mail', 'deceas', 'husband', 'tri', 'scam']"
8/4/2020,Trump,Jan714,Twitter Web App,39,120,0,"@realDonaldTrump 
""Donald Trump dumped $400 million into his clubs in Aberdeen and Turnberry. Now, lawmakers in Edinburgh want to investigate him for money laundering.""

We're following the money, stable genius.
I understand orange is popular in prison.

",donald trump dumped million into his clubs in aberdeen and turnberry now lawmakers in edinburgh want investigate him for money laundering we are following the money stable genius understand orange popular in prison,"['donald', 'trump', 'dump', 'million', 'club', 'aberdeen', 'turneri', 'lawmak', 'edinburgh', 'want', 'investig', 'money', 'launder', 'follow', 'money', 'stabl', 'geniu', 'understand', 'orang', 'popular', 'prison']"
8/4/2020,Trump,jocfanaccount,Twitter for iPhone,659,730,0,This is how every single journalist should be talking to him. Call him on his crap. Every time. Don‚Äôt let him lie to you. Trump gets So flustered because he‚Äôs not used to that. http://t.co/X2f26Cubs62,this how every single journalist should be talking him call him his crap every time dont let him lie you trump gets so flustered because hes not used that,"['everi', 'singl', 'journalist', 'talk', 'call', 'crap', 'everi', 'time', 'dont', 'trump', 'get', 'fluster', 'use']"
8/4/2020,Trump,misterjoedee1,Twitter Web App,124,146,0,"keep teaching LOE, Joe. Late preached by trump is destroying America. http://t.co/ecBbdWYfgV",keep teaching love joe hate preached by trump destroying america,"['keep', 'teach', 'love', 'hate', 'preach', 'trump', 'destroy', 'america']"
8/4/2020,Trump,jjsmokkieBOY57,Twitter Web App,28829,28358,0,"Donald Trump has illiterate meltdown about ""Florida"" and gives something away in the process http://t.co/HlFxSLljdW via @PalmerReport",donald trump has illiterate meltdown about frorida and gives something away in the process via,"['donald', 'trump', 'illiter', 'meltdown', 'florida', 'give', 'someth', 'away', 'process']"
8/4/2020,Trump,aodanwrenn,Twitter for Android,771,783,0,"It's quite clear that Trump is doing too much damage through Twitter. It is long gone past time that @Twitter suspends his account. Far too much hate being spread. Calling Dr Bird ""pathetic"" is more of it. He is a horrible man.
 #closetrumpstwitter",it quite clear that trump doing too much damage through twitter it long gone past time that suspends his account far too much hate being spread calling dr birx pathetic more of it he horrible man closetrumpstwitter,"['quit', 'clear', 'trump', 'much', 'damag', 'twitter', 'long', 'gone', 'past', 'time', 'suspend', 'account', 'much', 'hate', 'spread', 'call', 'bird', 'pathet', 'horribl', 'closetrumpstwit']"
8/4/2020,Trump,rareawards,Twitter for iPhone,60,265,0,@maggieNYT Personally I‚Äôm more worried about FX Trump isn‚Äôt worried about the Chinese he‚Äôs worried it will give him more bad press. Trump should just resign and save us all more grief. He has done his utmost to destroy the government that he clearly,personally im more worried about fox trump isnt worried about the chinese hes worried it will give him more bad press trump should just resign and save all more grief he has done his utmost destroy the government that he clearly hates,"['person', 'worri', 'trump', 'isnt', 'worri', 'chines', 'worri', 'give', 'press', 'trump', 'resign', 'save', 'grief', 'done', 'utmost', 'destroy', 'govern', 'clearli', 'hate']"
8/4/2020,Trump,1979Manhattan,Twitter Web App,166,667,0,@OrinKerr I thought he did very well. He gave Trump the rope to hang himself and Trump duly obliged.,thought he did very well he gave trump the rope hang himself and trump duly obliged,"['thought', 'well', 'trump', 'rope', 'hang', 'trump', 'duli', 'oblig']"
8/4/2020,Trump,johnnytrainer,Twitter for iPhone,247,1135,0,"@BetteMidler Did you read Mary Trump‚Äôs book? Well, well, well. He‚Äôs been a monster since childhood.",did you read mary trumps book well well well hes been monster since childhood,"['read', 'mari', 'trump', 'book', 'well', 'well', 'well', 'monster', 'sinc', 'childhood']"
8/4/2020,Trump,rbaham,Twitter for iPad,15,2,0,@realDonaldTrump And if the teachers get sick. No worry. They have TRUMP ARE. A health plan so strong people can‚Äôt stop talking about it http://t.co/6SNP8ff5f,and if the teachers get sick no worry they have trump care health plan so strong people cant talking about it,"['teacher', 'sick', 'worri', 'trump', 'care', 'health', 'plan', 'strong', 'peopl', 'cant', 'stop', 'talk']"
8/4/2020,Biden,zmbywoof10,Twitter Web App,190,549,0,Joe Bien has lied about being arrested at least three times. Who does t... http://t.co/OAmHPD8wsw via @YouTube,joe biden has lied about being arrested least three times who does via,"['bien', 'lie', 'arrest', 'least', 'three', 'time']"
8/4/2020,Trump,anne_goldgar,Twitter for iPad,4551,3009,0,"@GuySechrist Of course you do. But Trump thinks the number of cases is just about testing, and that if you don't test, you don't have cases. ""Low down on the testing!"" he says he told his people (Tulsa speech) because there would then be fewer cases.",of course you do but trump thinks the number of cases just about testing and that if you do not test you do not have cases slow down the testing he says he told his people tulsa speech because there would then be fewer cases,"['cours', 'trump', 'think', 'number', 'case', 'test', 'test', 'case', 'slow', 'test', 'say', 'told', 'peopl', 'tulsa', 'speech', 'would', 'fewer', 'case']"
8/4/2020,Trump,NotATweeter16,Twitter Web App,2489,2488,0,"@sarahcpr ""Trump brings comfort to dying Americans by saying hey, don‚Äôt worry, people in other countries are dying too""

Trump: http://t.co/7bAObwxLTE",trump brings comfort dying americans by saying hey do not worry people in other countries are dying too trump,"['trump', 'bring', 'comfort', 'die', 'american', 'say', 'worri', 'peopl', 'countri', 'die', 'trump']"
8/4/2020,Trump,miamivandynyu,Twitter for iPhone,2162,4195,0,"A few sane voices amongst journalists start to recognize the damage they are doing with their sole obsession on destroying Trump: @MSBC producer resigns from network with scathing letter: They block 'diversity of thought' and 'amplify fringe voices'

http://t.co/K0ol5ou9Nb",few sane voices amongst journalists start recognize the damage they are doing with their sole obsession destroying trump producer resigns from network with scathing letter they block diversity of thought and amplify fringe voices,"['sane', 'voic', 'amongst', 'journalist', 'start', 'recogn', 'damag', 'sole', 'obsess', 'destroy', 'trump', 'produc', 'resign', 'network', 'scath', 'letter', 'block', 'divers', 'thought', 'amplifi', 'fring', 'voic']"
8/4/2020,Trump,JohnDal46057816,Twitter Web App,0,11,0,"Trump want a piece of any sale of Tie-To! A subversive app sending secret code to Chi-na! No Trump is obsessed that Sarah Cooper moves her mouth to his exact words, and it is utterly Hysterical!",trump want piece of any sale of tiktok subversive application sending secret code china no trump obsessed that sarah cooper moves her mouth his exact words and it utterly hysterical,"['trump', 'want', 'piec', 'sale', 'tiktok', 'subvers', 'applic', 'send', 'secret', 'code', 'china', 'trump', 'obsess', 'sarah', 'cooper', 'move', 'mouth', 'exact', 'word', 'utterli', 'hyster']"
8/4/2020,Trump,Sentinel0764,Twitter Web App,12,61,0,"Trump Vaccine Adviser Wars That Scrutiny Of Him Will Delay Arrival Of Coronavirus Vaccine - BuzzFeed News http://t.co/R4GFTtsJwy via @GoogleNews 
This is not Star Wars, you are not our only hope... let the scrutiny begin.",trump vaccine adviser warns that scrutiny of him will delay arrival of coronavirus vaccine buzzfeed news via this not star wars you are not our only hope let the scrutiny begin,"['trump', 'vaccin', 'advis', 'warn', 'scrutini', 'delay', 'arriv', 'coronaviru', 'vaccin', 'buzz', 'news', 'star', 'war', 'hope', 'scrutini', 'begin']"
8/4/2020,Trump,FreddieSJohnson,Twitter Web App,1972,4185,27,"@TheClearCider After watching this, I would not entrust trump to operate a taco truck.",after watching this would not entrust trump operate taco truck,"['watch', 'would', 'entrust', 'trump', 'oper', 'taco', 'truck']"
8/4/2020,Trump,xxdr_zombiexx,Twitter Web App,8679,7129,1,The trump admin is doubtlessly to blame. http://t.co/l0oYsPu5L,the trump admin doubtlessly blame,"['trump', 'admin', 'doubtlessli', 'blame']"
8/4/2020,Biden,davidbrod517,Twitter for iPhone,1507,603,0,"See Joe Bien son in law, good no reporting...... http://t.co/abRoKNf5we",see joe biden son in law good no reporting,"['bien', 'good', 'report']"
8/4/2020,Trump,rsgallo,Twitter Web App,2782,4128,1,@PamNCBennett Trump the Moron. He can't even turn the papers right-side up!,trump the moron he cannot even turn the papers rightside up,"['trump', 'moron', 'even', 'turn', 'paper', 'rightsiz']"
8/4/2020,Trump,mirazyrin,Twitter for iPhone,1011,404,3,"low observe the body language though. the interviewer looks relaxed, wagging his foot and is completely in control of the situation while Trump on the other hand is leaning forward and acts like a nervous servant trying to convince his master that he hasn‚Äôt done anything wrong. http://t.co/dxdYCniVFw",laugh out loud observe the body language though the interviewer looks relaxed wagging his foot and completely in control of the situation while trump the other hand leaning forward and acts like nervous servant trying convince his master that he hasnt done anything wrong,"['laugh', 'loud', 'observ', 'bodi', 'languag', 'though', 'interview', 'look', 'relax', 'wag', 'foot', 'complet', 'control', 'situat', 'trump', 'hand', 'lean', 'forward', 'act', 'like', 'nervou', 'servant', 'tri', 'convinc', 'master', 'hasnt', 'done', 'anyth', 'wrong']"
8/4/2020,Trump,tash_susan,Twitter for Android,54,56,0,"Th huh, it's about time that we know the truth. Trump is a criminal and if they prove this case he will be locked up. It's funny that he chanted ""LOC HRE Up"" so many times. This is why karma will slap him and Jara. http://t.co/rsQetfcOEg",uh huh it about time that we know the truth trump criminal and if they prove this case he will be locked up it funny that he chanted lock her up so many times this why karma will slap him and jarad,"['time', 'know', 'truth', 'trump', 'crimin', 'prove', 'case', 'lock', 'funni', 'chant', 'lock', 'mani', 'time', 'karma', 'slap', 'jara']"
8/4/2020,Trump,profile767,Twitter Web App,13,59,0,@davidkurten Exactly!! That's what Trump said but of course he got castigated for saying it! If there is a second wave it will be seasonal flu but of course MM and gov will relabel it Coronavirus to perpetuate the fear factor!,exactly that what trump said but of course he got castigated for saying it if there second wave it will be seasonal flu but of course msm and gov will relabel it coronavirus perpetuate the fear factor,"['exactli', 'trump', 'said', 'cours', 'castig', 'say', 'second', 'wave', 'season', 'cours', 'relabel', 'coronaviru', 'perpetu', 'fear', 'factor']"
8/4/2020,Trump,DanBurnsCisco,Twitter for iPad,83,93,0,"Threatening an intentionally inaccurate census, Trump think it will help the OP....but To, A, A & Ff will be the states hurt the most by undercounts. 3 of 4 are ‚Äòred states‚Äô will be hurt by billions in federal funds & fewer congressional seats. Smart! http://t.co/z4C14In4p1",threatening an intentionally inaccurate census trump think it will help the gop but tx ca az and fl will be the states hurt the most by undercounts of are red states will be hurt by billions in federal funds and fewer congressional seats smart,"['threaten', 'intent', 'inaccur', 'censu', 'trump', 'think', 'help', 'state', 'hurt', 'undercount', 'state', 'hurt', 'billion', 'feder', 'fund', 'fewer', 'congression', 'seat', 'smart']"
8/4/2020,Trump,judecio74,Twitter for Android,1,22,0,@realDonaldTrump Oh shut up. Everything u opened have been disaster Trump,oh shut up everything you opened have been disaster trump,"['shut', 'everyth', 'open', 'disast', 'trump']"
8/4/2020,Trump,paulmoment,Twitter for Android,1554,553,2,"Trump is a soggy old whining idiot who never got disciplined once in his spoiled life - and it shows.

Trump Evangelicals and Republicans should be nauseous from shame for supporting this glob, and it's horrifying for all of us that they're not.

#EmptyThePews http://t.co/p42kyuiepc http://t.co/0zVYm5hTDZ",trump soggy old whining idiot who never got disciplined once in his spoiled life and it shows trump evangelicals and republicans should be nauseous from shame for supporting this glob and it horrifying for all of that they are not emptythepews,"['trump', 'soggi', 'whine', 'idiot', 'never', 'disciplin', 'spoil', 'life', 'show', 'trump', 'evangel', 'republican', 'nauseou', 'shame', 'support', 'glob', 'horrifi', 'emptythepew']"
8/4/2020,Biden,USLisaLaw,Twitter for iPhone,2587,3782,5,"@johncardillo Bien has The Communist Party endorsement üò≥

http://t.co/y1enCCcy8j",biden has the communist party endorsement,"['bien', 'communist', 'parti', 'endors']"
8/4/2020,Trump,VioletDetorres,Twitter Web App,381,725,0,"Trump: If you look at this chart, we have way less deaths than other countries..
Interviewer: Sir, that's a chart showing the cognitive decline for those with dementia/Alzheimers
Trump: ( stutters) What's that? Kayleigh!! Where are those charts?",trump if you look this chart we have way less deaths than other countries interviewer sir that chart showing the cognitive decline for those with dementiaalzheimers trump stutters what that kayleigh where are those charts,"['trump', 'look', 'chart', 'le', 'death', 'countri', 'interview', 'chart', 'show', 'cognit', 'declin', 'dementialzheim', 'trump', 'stutter', 'kayleigh', 'chart']"
8/5/2020,Biden,JosephMazzella2,Twitter for Android,9,42,0,"@ASavageNation They can get cutout boards of people at the duc convention just like they do at MB games so they won't look so bad. Get one for sleepy,  creepy,  crooked bien.",they can get cutout boards of people the dnc convention just like they do mlb games so they will not look so bad get one for sleepy creepy crooked biden,"['cutout', 'board', 'peopl', 'convent', 'like', 'game', 'look', 'sleepi', 'creepi', 'crook', 'bien']"
8/5/2020,Trump,Christy85286792,Twitter for iPhone,30,50,0,"Trump has abandoned many Republican principles. These are basic, foundational things: importance of checks and balances, truth, and intellectual consistency. America‚Äôs unique system of constitutional government must be preserved. Trump is destroying it. http://t.co/kSrJCRyNxy http://t.co/1MpHZG9sir",trump has abandoned many republican principles these are basic foundational things importance of checks and balances truth and intellectual consistency americas unique system of constitutional government must be preserved trump destroying it,"['trump', 'abandon', 'mani', 'republican', 'principl', 'basic', 'foundat', 'thing', 'import', 'check', 'balanc', 'truth', 'intellectu', 'consist', 'america', 'uniqu', 'system', 'constitut', 'govern', 'must', 'preserv', 'trump', 'destroy']"
8/5/2020,Trump,GeorgeMStebbin3,Twitter Web App,4,46,0,"@realDonaldTrump TRUMP CLAIMS ARE MRE
FAE, FALSE AND FRAUD UNO AMERICA AND NATIONS  PEOPLE !!!",trump claims are more fake false and fraud unto america and nations people,"['trump', 'claim', 'fake', 'fals', 'fraud', 'unto', 'america', 'nation', 'peopl']"
8/5/2020,Biden,Mike___Kilo,Twitter Web App,1334,2309,4,The media's takeaway: Don't ask Bien any more questions like this. Just pelt him with cotton balls. http://t.co/Shop9ErUhL,the media takeaway do not ask biden any more questions like this just pelt him with cotton balls,"['medium', 'takeaway', 'bien', 'question', 'like', 'pelt', 'cotton', 'ball']"
8/5/2020,Trump,allen40_allen,Twitter Web App,839,1404,0,She doesn't have a heart she has a cash register where it should be...... I am so looking forward to President Trump getting in again then her prophesy will come true.... http://t.co/JGgZICXe8p,she does not have heart she has cash register where it should be so looking forward president trump getting in again then her prophesy will come true,"['heart', 'cash', 'regist', 'look', 'forward', 'presid', 'trump', 'get', 'prophesi', 'come', 'true']"
8/5/2020,Trump,Phantom_Delight,Twitter Web App,3456,3101,1,"@sonofphysics_ I see in President Trump a medium of BALANCE for this planet.  He comes with a powerful birth chart, is (unlike the Gems & Prez Obama - who has such gud presentation skills but MO is bad at real government) very good at real govt & is MO an",see in president trump medium of balance for this planet he comes with powerful birth chart unlike the dems and prez obama who has such good presentation skills but imo bad real government very good real govt and imo an excellent commander in chief earth,"['presid', 'trump', 'medium', 'balanc', 'planet', 'come', 'power', 'birth', 'chart', 'unlik', 'gem', 'prez', 'obama', 'good', 'present', 'skill', 'real', 'govern', 'good', 'real', 'govt', 'excel', 'command', 'chief', 'earth']"
8/5/2020,Trump,MarlonDDeleon,Twitter for Android,980,3286,1,"I dont want to ""defeat Trump"" in November. 

He isn't the focus or the goal.

Compassion, progress, and equity are some of my goals and aspirations. I wish they were more widespread.",do not want defeat trump in november he not the focus or the goal compassion progress and equity are some of my goals and aspirations wish they were more widespread,"['want', 'defeat', 'trump', 'novemb', 'focu', 'goal', 'compass', 'progress', 'equiti', 'goal', 'aspir', 'wish', 'widespread']"
8/5/2020,Trump,thedaveabbitt,Twitter Web App,2845,828,2,"@realDonaldTrump ""The pollsters and the pundits cover elections as though they were horse races. But history tells us voters are not fooled by the tricks of the campaign.‚Äù

Bad news for the Trickster. Good news for the rest of us.

http://t.co/titJYyAAF",the pollsters and the pundits cover elections as though they were horse races but history tells voters are not fooled by the tricks of the campaign bad news for the trickster good news for the rest of,"['pollster', 'pundit', 'cover', 'elect', 'though', 'hors', 'race', 'histori', 'tell', 'voter', 'fool', 'trick', 'campaign', 'news', 'trickster', 'good', 'news', 'rest']"
8/5/2020,Trump,biagas_paul,Twitter for Android,0,30,1,@IAmDawnM TRUMP FAE PRESIDENT,trump fake president,"['trump', 'fake', 'presid']"
8/5/2020,Trump,Phyllis24681,Twitter for iPhone,6,26,0,@CNNValencia Trump is a fake president,trump fake president,"['trump', 'fake', 'presid']"
8/5/2020,Trump,e_whittler,Twitter Web App,10051,9122,150,"I worked on a Crash Trunk for a week. Dirty diapers, smelly beer and rotten left-over pizza. Every time the hopper compressed the harvest, black water appeared. Dark, nasty, and so very funky. That funky trashy water reminds me of Trump and the republicans. Rotten. Stinky. Funke.",worked trash truck for week dirty diapers smelly beer and rotten leftover pizza every time the hopper compressed the harvest black water appeared dark nasty and so very funky that funky trashy water reminds me of trump and the republicans rotten stinky funky,"['work', 'trash', 'truck', 'week', 'dirti', 'diaper', 'smelli', 'beer', 'rotten', 'leftov', 'pizza', 'everi', 'time', 'hopper', 'compress', 'harvest', 'black', 'water', 'appear', 'dark', 'nasti', 'funki', 'funki', 'trashi', 'water', 'remind', 'trump', 'republican', 'rotten', 'stinki', 'funki']"
8/5/2020,Biden,StoicMDJ,Twitter for iPhone,3329,129,4,"At some point the NC is gonna have to ‚Äòfess up about Bien and admit the emperor has no clothes...

Sorry for the appalling visual.",some point the dnc gonna have fess up about biden and admit the emperor has no clothes sorry for the appalling visual,"['point', 'fe', 'bien', 'admit', 'emperor', 'cloth', 'sorri', 'appal', 'visual']"
8/5/2020,Trump,scooze007,Twitter for iPad,93,11,1,@funder Trump don‚Äôt tell you that.,trump do not tell you that,"['trump', 'tell']"
8/5/2020,Trump,BillSpalding3,Twitter for iPhone,76,724,1,@MJHtv23 ‚ÄúTrump wins 2nd term.‚Äù,trump wins nd term,"['trump', 'win', 'term']"
8/5/2020,Trump,jeanie31199,Twitter for iPhone,8291,8232,1,Trump is the hoax. http://t.co/sibb6A6P7,trump the hoax,"['trump', 'hoax']"
8/5/2020,Trump,NikkiUSA7,Twitter for iPhone,1183,1613,0,My yearly attendance at the hall of POTS at Disney was today. Everyone clapped for Trump. That‚Äôs never happened before. Weird.,my yearly attendance the hall of potus disney was today everyone clapped for trump thats never happened before weird,"['yearli', 'attend', 'hall', 'potu', 'disney', 'today', 'everyon', 'clap', 'trump', 'that', 'never', 'happen', 'weird']"
8/5/2020,Trump,Sparmannarcisse,Twitter Web App,2143,838,0,"LIVE: President Trump News Conference | 5:30pm Eastern"" YouTube http://t.co/HqGb2knuny",live president trump news conference eastern youtube,"['live', 'presid', 'trump', 'news', 'confer', 'eastern', 'youtub']"
8/5/2020,Trump,TakeDaCity,Twitter for iPhone,67,93,0,"THIS IDIOT In WORRIED ABOUT THE NBA WHEN He SHOULD By MRE CONCERNED ABOUT CLEANSING IS SOL Of LL THE HAT THAT RESIDES In IM!!!  President Trump Lips 'Disgraceful' NBA Kneelers, Don Rivers Fires Back http://t.co/res0grcuxD via @TM",this idiot worried about the nba when he should be more concerned about cleansing his soul of all the hate that resides in him president trump rips disgraceful nba kneelers doc rivers fires back via,"['idiot', 'worri', 'concern', 'cleans', 'soul', 'hate', 'resid', 'presid', 'trump', 'rip', 'disgrac', 'kneeler', 'river', 'fire', 'back']"
8/5/2020,Trump,marauderjoe,Twitter for Android,415,274,0,@DerekCressman Let's also l not overlook the connection and relationship Trump may have formed with executives at Kodak when Kodak appeared as a company on The Apprentice. #DrainTheSwamp,let also not overlook the connection and relationship trump may have formed with executives kodak when kodak appeared as company the apprentice draintheswamp,"['also', 'overlook', 'connect', 'relationship', 'trump', 'form', 'execut', 'kodak', 'kodak', 'appear', 'compani', 'apprentic', 'draintheswamp']"
8/5/2020,Trump,heidi_karinen,Twitter Web App,0,1,0,@SouptoNutz1 It must be perhaps like this how  his dad spoke to his older brother like Mary Trump wrote in her book?,it must be perhaps like this how his dad spoke his older brother like mary trump wrote in her book,"['must', 'perhap', 'like', 'spoke', 'older', 'brother', 'like', 'mari', 'trump', 'wrote', 'book']"
8/5/2020,Trump,TamaraFBacon,Twitter Web App,15,77,0,"@RadioFreeTom Why would they even *want* to ""get Trump off the debate hook""? Have you listened to the former VEEP lately? He can barely articulate a coherent answer to an innocuous question. His only hope in a debate is the sympathy factor.",why would they even want get trump off the debate hook have you listened the former veep lately he can barely articulate coherent answer an innocuous his only hope in debate the sympathy factor,"['would', 'even', 'want', 'trump', 'debat', 'hook', 'listen', 'former', 've', 'late', 'bare', 'articul', 'coher', 'answer', 'innocu', 'question', 'hope', 'debat', 'sympathi', 'factor']"
8/5/2020,Trump,jFred121896137,Twitter for iPhone,6,127,0,'We are no less American': Death pile up on Texas border #SmartNews no shame trump http://t.co/IMCNMvjgZo,we are no less american deaths pile up texas border smartnews no shame trump,"['le', 'american', 'death', 'pile', 'texa', 'border', 'smart', 'shame', 'trump']"
8/5/2020,Trump,nytpolitics,SocialFlow,489629,287,9,"President Trump signed into law the Great American Outdoors Act, a measure with broad bipartisan support that guarantees maximum annual funding for a federal program to acquire and preserve land for public use http://t.co/l64J3i3v5",president trump signed into law the great american outdoors act measure with broad bipartisan support that guarantees maximum annual funding for federal program acquire and preserve land for public,"['presid', 'trump', 'sign', 'great', 'american', 'outdoor', 'measur', 'broad', 'bipartisan', 'support', 'guarante', 'maximum', 'annual', 'fund', 'feder', 'program', 'acquir', 'preserv', 'land', 'public']"
8/5/2020,Trump,ForOurFuturePA,Hootsuite Inc.,788,532,0,"Why are Trump and the rest of the OP so against #votingbymail, when they have done and promoted it in the past? Make sure to get your mail-in ballot today: http://t.co/qpnGGPiV0e http://t.co/fWZCbq4TX",why are trump and the rest of the gop so against votingbymail when they have done and promoted it in the past make sure get your mailin ballot today,"['trump', 'rest', 'votingbymail', 'done', 'promot', 'past', 'make', 'sure', 'maslin', 'ballot', 'today']"
8/5/2020,Trump,DachkoMargaret,Twitter for Android,93,6,1,@realDonaldTrump Ironic that the grossly overpriced private school that Baron Trump attends WILL NOT be open for in-class lessons until NOVEMBER at the earliest! Demand hard working public school parents to send their children though? Justify this!,ironic that the grossly overpriced private school that barron trump attends will not be open for inclass lessons until november the earliest demand hard working public school parents send their children though justify this,"['iron', 'grossli', 'overpr', 'privat', 'school', 'baron', 'trump', 'attend', 'open', 'inula', 'lesson', 'novemb', 'earliest', 'demand', 'hard', 'work', 'public', 'school', 'parent', 'send', 'child', 'though', 'justifi']"
8/5/2020,Trump,Farbeka,Twitter Web App,1340,1334,0,"So. . .
Liberty University President & ‚Äúloyal‚Äù Trump Supporter, Jerry Falwell, Jr.,

was literally ‚Äúcaught with his zipper down‚Äù as was the young woman in the photo with him. (Now deleted.)

I have to ask,
In EVERY FRIEND Of TRUMP A ERV?

#Trump wishes him well
#TrumpIsASnake http://t.co/qNvNVIatdx http://t.co/Fed1M1by5N",so liberty university president and loyal trump supporter jerry falwell jr was literally caught with his zipper down as was the young woman in the photo with him now deleted have ask every friend of trump perv trump wishes him well trumpisasnake,"['liberti', 'univers', 'presid', 'loyal', 'trump', 'support', 'jerri', 'falwel', 'liter', 'caught', 'zipper', 'young', 'woman', 'photo', 'delet', 'everi', 'friend', 'trump', 'perv', 'trump', 'wish', 'well', 'trumpisasnak']"
8/5/2020,Trump,cubstroII,Twitter for iPhone,358,296,1,@bIackairforce cotton trump ‚Äò24 baby,cotton trump baby,"['cotton', 'trump', 'babi']"
8/5/2020,Trump,rose48809,Twitter Web App,1388,1361,0,Seen Lady G trending & thought trump spilled the beans. üòÇü§£üòÇü§£ Careful #GOPComplicitTraitors when Dear Leader loses he's going to spill everything he's holding over your heads. He'll spill it for revenge & attention. üòÇü§£üòÇü§£,seen lady g trending and thought trump spilled the beans careful gopcomplicittraitors when dear leader loses he going spill everything he holding over your heads he will spill it for revenge and attention,"['seen', 'ladi', 'trend', 'thought', 'trump', 'spill', 'bean', 'care', 'gopcomplicitraitor', 'dear', 'leader', 'lose', 'go', 'spill', 'everyth', 'hold', 'head', 'spill', 'reveng', 'attent']"
8/5/2020,Biden,shijie808,Twitter for Android,299,262,1,"Indeed, Bien cannot handle anything. Obama asked him to handle Ukraine, end up his son made a lot of money from an Ukrainian energy company. Bien handled China, end up his son became a share holder of a Chinese government influenced company. http://t.co/ykwk1J6Tpk",indeed biden cannot handle anything obama asked him handle ukraine end up his son made lot of money from an ukrainian energy company biden handled china end up his son became share holder of chinese government influenced company,"['inde', 'bien', 'handl', 'anyth', 'obama', 'ask', 'handl', 'ukrain', 'made', 'money', 'ukrainian', 'energi', 'compani', 'bien', 'handl', 'china', 'becam', 'share', 'holder', 'chines', 'govern', 'influenc', 'compani']"
8/5/2020,Biden,moliveri,Twitter Web App,647,641,0,Bien confidants reportedly see Vs list narrowed down to 2 http://t.co/r3duqDugzb #FoxNews,biden confidants reportedly see vp list narrowed down foxnews,"['bien', 'confid', 'reportedli', 'list', 'narrow', 'foxnew']"
8/5/2020,Biden,OurCommune,IFTTT,201,4,3,"If you claim to be a ‚Äúsocialist‚Äù or a ‚Äúcommunist‚Äù and support gun bans, you are just a liberal who enables the likes of Bien and Clinton http://t.co/JBRW9B2Pa",if you claim be socialist or communist and support gun bans you are just liberal who enables the likes of biden and clinton,"['claim', 'socialist', 'communist', 'support', 'ban', 'liber', 'enabl', 'like', 'bien', 'clinton']"
8/5/2020,Trump,ForeignPolicy,Buffer,1132725,660,5,"Fortunately for supporters of aggressive climate action, Trump has demonstrated a highly effective way to circumvent the legislative process, @petereharrell writes.
http://t.co/xt8Pkt4do",fortunately for supporters of aggressive climate action trump has demonstrated highly effective way circumvent the legislative process writes,"['fortun', 'support', 'aggress', 'climat', 'action', 'trump', 'demonstr', 'highli', 'effect', 'circumv', 'legisl', 'process', 'write']"
8/5/2020,Trump,Fried_Trout2,Twitter for iPhone,356,313,0,Trump said rating are WAY down for the NBA due to anthem protest but they are up 14%. üòÇ,trump said rating are way down for the nba due anthem protest but they are up,"['trump', 'said', 'rate', 'anthem', 'protest']"
8/5/2020,Trump,PadresOnABagel,Twitter for iPhone,830,154,1,People (Trump Supporters) are committing fraud to get Kane on the ballot. http://t.co/do7bNtZvNg,people trump supporters are committing fraud get kanye the ballot,"['peopl', 'trump', 'support', 'commit', 'fraud', 'kane', 'ballot']"
8/5/2020,Trump,SincerelySapphi,Twitter for Android,10,35,1,@ToddBurgun Isn't it interesting how all these disasters (including Ovid-19 ( all started not long after Trump unveiled his middle East peace plan?  The Lord will punish anyone trying to divide Jerusalem.,not it interesting how all these disasters including covid all started not long after trump unveiled his middle east peace plan the lord will punish anyone trying divide jerusalem,"['interest', 'disast', 'includ', 'covid', 'start', 'long', 'trump', 'unveil', 'middl', 'east', 'peac', 'plan', 'lord', 'punish', 'anyon', 'tri', 'divid', 'jerusalem']"
8/5/2020,Trump,LyndaObst,Twitter Web App,15911,3472,12,@Bencjacobs BECAUSE In'S A TALKING HORSE OR TRUMP AND He'S A DPE AND A GREAT MUSICIAN WHO COULD LSE Up A KY SWING STATE. SHEESH,because its stalking horse for trump and hes dope and great musician who could lose key swing state sheesh,"['stalk', 'hors', 'trump', 'dope', 'great', 'musician', 'could', 'lose', 'swing', 'state', 'shush']"
