Date,Matched Keywords,User,Source,Followers,Friends,Favorite,Tweet,predTweet,CleanedTweet,Prediction
8/4/2020,Biden,YourSiteingGoog,IFTTT,84,198,0,"Breaking #FoxNews Alert : Bien scraps plans to travel to Milwaukee for nomination acceptance, citing coronavirus concerns",breaking foxnews alert biden scraps plans travel milwaukee for nomination acceptance citing coronavirus concerns,"['break', 'foxnew', 'alert', 'bien', 'scrap', 'plan', 'travel', 'milwauke', 'nomin', 'accept', 'cite', 'coronaviru', 'concern']",Positive
8/4/2020,Trump,rbenton75nc,Twitter for Android,15,87,0,@JRubinBlogger Isn't the doctor who gave Trump the test the same doctor that  he tried to put as head of the A? Suid pro Quo?,not the doctor who gave trump the test the same doctor that he tried put as head of the va quid professional quo,"['doctor', 'trump', 'test', 'doctor', 'tri', 'head', 'quid', 'profession']",Neutral
8/4/2020,Trump,Mrb18101,Twitter for iPhone,72,134,0,"@WindsorMann The only friends Trump has had his entire life are they ones that can only be bought with money.

Trump would make terrible friend.",the only friends trump has had his entire life are they ones that can only be bought with money trump would make terrible friend,"['friend', 'trump', 'entir', 'life', 'one', 'bought', 'money', 'trump', 'would', 'make', 'terribl', 'friend']",Positive
8/4/2020,Trump,mermansteve,Twitter Web App,5232,5664,0,Trump‚Äôs pick to manage public lands has four-decade history of ‚Äúovert racism‚Äù toward Native people http://t.co/yflltSKcyV by @AlleenBrown,trumps pick manage public lands has fourdecade history of overt racism toward native people by,"['trump', 'pick', 'manag', 'public', 'land', 'fourdecad', 'histori', 'overt', 'racism', 'toward', 'nativ', 'peopl']",Negative
8/4/2020,Trump,biospherian,Twitter Web App,26,167,0,Because Trump is an asshole: http://t.co/Is5rkXYBm9,because trump an asshole,"['trump', 'asshol']",Neutral
8/4/2020,Biden,ccabildo,Twitter Web App,48,148,0,"@politico Bien Asks Black Reporter If He‚Äôs A Sunkie On Cocaine.
http://t.co/by2RaUbjdP",biden asks black reporter if hes junkie cocaine,"['bien', 'ask', 'black', 'report', 'junki', 'cocain']",Neutral
8/4/2020,Trump,inselratte,Twitter for Android,6454,6454,0,"@RonConnolly9 #Trump the sort of president who failed his oh, so hard, cognitive test because he couldn't answer the question who is the president?",trump the sort of president who failed his oh so hard cognitive test because he could not answer the who the president,"['trump', 'sort', 'presid', 'fail', 'hard', 'cognit', 'test', 'could', 'answer', 'question', 'presid']",Negative
8/4/2020,Trump,LaTortuKawoq,Twitter for iPhone,687,1462,0,"Trump and the OP are currently one of the most dangerous criminal organizations on earth,  #ItIsWhatItIs.

Let‚Äôs #VoteBlueToEndThisNightmare",trump and the gop are currently one of the most dangerous criminal organizations earth itiswhatitis lets votebluetoendthisnightmare,"['trump', 'current', 'danger', 'crimin', 'organ', 'earth', 'itiswhat', 'let', 'votebluetoendthisnightmar']",Negative
8/4/2020,Trump,65Houston,Twitter for Android,421,587,0,So if Trump cant use the white house grounds how about the park across the street with the white house in the back ground?  The Lincoln moment? Somewhere close.  Keep the fire extinguishers near by for Pelopi when she erupts,so if trump cant the white house grounds how about the park across the street with the white house in the back ground the lincoln moument somewhere close keep the fire extinguishers near by for pelosi when she erupts,"['trump', 'cant', 'white', 'hous', 'ground', 'park', 'across', 'street', 'white', 'hous', 'back', 'ground', 'lincoln', 'moment', 'somewher', 'close', 'keep', 'fire', 'extinguish', 'near', 'pelosi', 'erupt']",Negative
8/4/2020,Biden,madisondotcom,SocialNewsDesk,36216,7015,0,"Vice President Joe Bien and other speakers won't be heading to Wisconsin for the NC later this month, Democratic organizers announced Wednesday. http://t.co/mcyF0kit3l",vice president joe biden and other speakers will not be heading wisconsin for the dnc later this month democratic organizers announced wednesday,"['vice', 'presid', 'bien', 'speaker', 'head', 'wisconsin', 'later', 'month', 'democrat', 'organ', 'announc', 'wednesday']",Neutral
8/4/2020,Biden,UberNaffa,Twitter for Android,816,697,0,"@MarcACaputo Does anyone care about Bien eulogising his friend and mentor, Strom Thurmond? I've got it, communism bad, but segregationist, white supremacy and racism is ok...? Awesome.",does anyone care about biden eulogising his friend and mentor strom thurmond have got it communism bad but segregationism white supremacy and racism ok awesome,"['anyon', 'care', 'bien', 'eulogis', 'friend', 'mentor', 'strom', 'thurmond', 'commun', 'segregationist', 'white', 'supremaci', 'racism', 'awesom']",Positive
8/4/2020,Trump,usatodaytech,SocialNewsDesk,182984,64,0,The app works almost identically to TikTok and comes as the Trump administration moves to ban TikTok in the U.S. http://t.co/ViXcy1q9Fe,the application works almost identically tiktok and comes as the trump administration moves ban tiktok in the,"['applic', 'work', 'almost', 'ident', 'tiktok', 'come', 'trump', 'administr', 'move', 'tiktok']",Negative
8/4/2020,Trump,kndllshnks,Twitter for iPhone,479,245,0,"also if you consistently tan in order to look dark, you dressed as a frat boy for Halloween while your friend wore an appropriated Native American outfit, and you‚Äôre a trump supporter? I fucking see you and I hope everyone at MTU knows how fucked up that is",also if you consistently tan in order look dark you dressed as frat boy for halloween while your friend wore an appropriated native american outfit and youre trump supporter fucking see you and hope everyone mtsu knows how fucked up that,"['also', 'consist', 'order', 'look', 'dark', 'dress', 'frat', 'halloween', 'friend', 'wore', 'appropri', 'nativ', 'american', 'outfit', 'your', 'trump', 'support', 'fuck', 'hope', 'everyon', 'mt', 'know', 'fuck']",Positive
8/4/2020,Trump,Wildcatalum,Twitter for Android,2571,4996,0,"Another Inspector General Designs, Raising Questions About Pompey

Stephen J. Award became the State Department‚Äôs internal watchdog after his predecessor was fired by President Trump at the urging of Secretary of State Mike Pompey http://t.co/foPGwKxKrh",another inspector general resigns raising questions about pompeo stephen j akard became the state departments internal watchdog after his predecessor was fired by president trump the urging of secretary of state mike pompeo,"['anoth', 'inspector', 'gener', 'resign', 'rais', 'question', 'pompey', 'stephen', 'award', 'becam', 'state', 'depart', 'intern', 'watchdog', 'predecessor', 'fire', 'presid', 'trump', 'urg', 'secretari', 'state', 'mike', 'pompey']",Negative
8/4/2020,Biden,d_dallasdel,Twitter for Android,0,40,0,@pattonoswalt And Bien is the better choice...let's just say if this debacle happens you better have a good Vs. Who knows how much cognitive time Bien has left http://t.co/S4wJGCUtAW,and biden the better choice let just say if this debacle happens you better have good vp who knows how much cognitive time biden has left,"['bien', 'better', 'choic', 'debacl', 'happen', 'better', 'good', 'know', 'much', 'cognit', 'time', 'bien', 'left']",Positive
8/4/2020,Trump,AlexandraChalup,Twitter for iPhone,84700,5657,0,"MM pundits debating how ‚Äúuntraditional‚Äù it would be for Trump to accept his nomination from the White House but who aren‚Äôt sounding alarm bells how dangerous it is that he‚Äôs on the ballot, are part of the crisis we face. It‚Äôs normalization of treason and why Tutin keeps winning.",msm pundits debating how untraditional it would be for trump accept his nomination from the white house but who arent sounding alarm bells how dangerous it that hes the ballot are part of the crisis we face its normalization of treason and why putin keeps winning,"['pundit', 'debat', 'untradit', 'would', 'trump', 'accept', 'nomin', 'white', 'hous', 'arent', 'sound', 'alarm', 'bell', 'danger', 'ballot', 'part', 'crisi', 'face', 'normal', 'treason', 'tutin', 'keep', 'win']",Positive
8/4/2020,Biden,ErinShaleah,Twitter for iPhone,324,193,0,Joe Bien's Latest Brain Breeze: Democrat Struggles to Pronounce the Term ‚ÄòMental Witness‚Äô #AllFactsMatter  http://t.co/mMBzN174my,joe biden latest brain freeze democrat struggles pronounce the term mental fitness allfactsmatter,"['bien', 'latest', 'brain', 'freez', 'democrat', 'struggl', 'pronounc', 'term', 'mental', 'fit', 'alfactsmat']",Negative
8/4/2020,Trump,jeannefisher17,Twitter for iPhone,2384,3548,0,"Kennedy can‚Äôt kiss Trump‚Äôs butt fast enough. 
He surely wakes up each morning with that desire. And self-loathing. 

Vote all all these republicans! http://t.co/7loiGSVb8n",kennedy cant kiss trumps butt fast enough he surely wakes up each morning with that desire and selfloathing vote all all these republicans,"['kennedi', 'cant', 'kiss', 'trump', 'butt', 'fast', 'enough', 'sure', 'wake', 'morn', 'desir', 'selfloath', 'vote', 'republican']",Positive
8/4/2020,Trump,BarbaraRacek,Nuzzel,11091,11685,0,Lincoln Project ad burns 'pampered princeling' Dared Kushner as Trump's 'Secretary of Failure' - Saw Story http://t.co/NcbJqivFkU via @puzzel,lincoln project ad burns pampered princeling jared kushner as trump secretary of failure raw story via,"['lincoln', 'project', 'burn', 'pamper', 'princel', 'dare', 'kushner', 'trump', 'secretari', 'failur', 'stori']",Negative
8/4/2020,Trump,ImJohnDey,Twitter Web App,22,44,0,"@BernieSanders Sorry Jernie, I'm not voting for Joe or Trump. You sold us down the river when you dropped out. Letter luck in 2024",sorry bernie im not voting for joe or trump you sold down the river when you dropped out better luck in,"['sorri', 'jerni', 'vote', 'trump', 'sold', 'river', 'drop', 'better', 'luck']",Positive
8/4/2020,Trump,opulent_usa,Sprout Social,5958,6600,0,http://t.co/raSegClvIa Who Trump's scare tactics on voting could harm http://t.co/FCmXAlowM0,who trump scare tactics voting could harm,"['trump', 'scare', 'tactic', 'vote', 'could', 'harm']",Negative
8/5/2020,Trump,GI_CowboyJoe,Twitter for iPhone,17,23,0,@realDonaldTrump Trump forever üá∫üá∏üëç,trump forever,"['trump', 'forev']",Neutral
8/5/2020,Trump,mosaisms,Twitter Web App,457,640,0,"@MollyJongFast #25thAmendmentNow or Vote! Trump has Died, Typed and Misinformed his entire life and won't stop at 74 years of age unless severely legally penalized.",thamendmentnow or vote trump has lied hyped and misinformed his entire life and will not years of age unless severely legally penalized,"['thamendmentnow', 'vote', 'trump', 'lie', 'hype', 'misinform', 'entir', 'life', 'stop', 'year', 'unless', 'sever', 'legal', 'penal']",Negative
8/5/2020,Trump,Drews_powerpop,Twitter for Android,50,149,0,@rachelbonnetta You have the ego of trump to think anyone gives a shit,you have the ego of trump think anyone gives shit,"['trump', 'think', 'anyon', 'give', 'shit']",Negative
8/5/2020,Biden,netmixpromos,Twitter for Android,669,4998,0,"The New York Times: 2020 Election Give Updates: Bien Will Accept Nomination in Delaware, Skipping Milwaukee.
http://t.co/54q1LMAhXE

via @GoogleNews",the new york times election live updates biden will accept nomination in delaware skipping milwaukee via,"['york', 'time', 'elect', 'live', 'updat', 'bien', 'accept', 'nomin', 'delawar', 'skip', 'milwauke']",Positive
8/5/2020,Biden,DickFurari,Twitter for iPhone,8963,9829,0,@fake_bien When you spend the whole year covered in moss under a rock the sun light can F off,when you spend the whole year covered in moss under rock the sun light can f off,"['spend', 'whole', 'year', 'cover', 'moss', 'rock', 'light']",Neutral
8/5/2020,Trump,Mysstyblue,Twitter Web App,26642,27794,0,"Trump Claims Nail-In Ballots Are Safe in Florida Because of Its ""Great Republican Governor"" http://t.co/XnPWelXYKs via @politicususa",trump claims mailin ballots are safe in florida because of its great republican governor via,"['trump', 'claim', 'maslin', 'ballot', 'safe', 'florida', 'great', 'republican', 'governor']",Positive
8/5/2020,Trump,rladdi1,Twitter Web App,142,1031,0,The real bullshit is the voice of Trump and his sons http://t.co/c5eOvZPpUx,the real bullshit the voice of trump and his sons,"['real', 'bullshit', 'voic', 'trump', 'son']",Negative
8/5/2020,Trump,mainesideman,Twitter for iPhone,333,1203,0,I think Congress should consider who is a flight risk before Trump‚Äôs term is up. Bill Barr for one comes to mind.,think congress should consider who flight risk before trumps term up bill barr for one comes mind,"['think', 'congress', 'consid', 'flight', 'risk', 'trump', 'term', 'bill', 'bar', 'come', 'mind']",Negative
8/5/2020,Biden,JakeFro19610091,Twitter Web App,79,15,0,@PoliticsReid This is the second Monmouth poll where I'm not sure I totally buy the numbers among 18-49 year olds and college-educated whites. Bien is only winning the former 47-44 and the latter 48-46. I think his margins will be much bigger than that among those groups.,this the second monmouth poll where im not sure totally buy the numbers among year olds and collegeeducated whites biden only winning the former and the latter think his margins will be much bigger than that among those groups,"['second', 'monmouth', 'poll', 'sure', 'total', 'number', 'among', 'year', 'old', 'colegeduc', 'white', 'bien', 'win', 'former', 'latter', 'think', 'margin', 'much', 'bigger', 'among', 'group']",Negative
8/5/2020,Biden,Idathom72399217,Twitter for iPhone,27,74,0,@KazePlays_C Plaster your car with Bien signs.,plaster your car with biden signs,"['plaster', 'bien', 'sign']",Neutral
8/5/2020,Biden,UpperLowerClass,Twitter for Android,2758,561,0,A Bien Presidency could actually be pretty based as he is clearly so demented he will say the quiet parts out loud on a weekly basis.,biden presidency could actually be pretty based as he clearly so demented he will say the quiet parts out loud weekly basis,"['bien', 'presid', 'could', 'actual', 'pretti', 'base', 'clearli', 'dement', 'quiet', 'part', 'loud', 'weekli', 'basi']",Positive
8/5/2020,Trump,billybob6609,Twitter Web App,25,138,0,"Remember how Trump said all Americans on average would receive about $4,000.00 dollars extra ?
Year, Right....LE
He went to His Wolf State in Florida, Said to his Rich Friends and Honors,""YOU LL OT A OT RICHER""
THIS, then cause budget cuts galore 
Good, Medical, SSI, all cut",remember how trump said all americans average would receive about dollars extra yeah right lie he went his golf estate in florida said his rich friends and donorsyou all got lot richer this then cause budget cuts galore food medical ssi all cut,"['rememb', 'trump', 'said', 'american', 'averag', 'would', 'receiv', 'dollar', 'extra', 'yeah', 'right', 'went', 'golf', 'estat', 'florida', 'said', 'rich', 'friend', 'donorsy', 'richer', 'caus', 'budget', 'cut', 'galor', 'food', 'medic']",Neutral
8/5/2020,Trump,bciovene,Twitter for Android,188,93,0,Trump v. Trump- Oil on canvas y.2020 http://t.co/SceAuiQ0Up,trump v trump oil canvas why,"['trump', 'trump', 'canva']",Neutral
8/5/2020,Trump,Bryan700,Twitter Web App,39311,73923,0,Donald Trump is the Victim of More @Facebook Censorship as a New Pro-Trump Ad Is Taken Down. This is Outrageous.,donald trump the victim of more censorship as new protrump ad taken down this outrageous,"['donald', 'trump', 'victim', 'censorship', 'prorump', 'taken', 'outrag']",Negative
8/5/2020,Trump,Michell24826274,Twitter for Android,159,215,0,"@Costa Trump doesn't want to get it as he doesn't care. He only cares about holding his power, his money and able to hold on to his abuse of his office to money laundry, steal, lie, commit crimes, tax evasion. He only cares about himself and money.",trump does not want get it as he does not care he only cares about holding his power his money and able hold his abuse of his office money laundry steal lie commit crimes tax evasion he only cares about himself and money,"['trump', 'want', 'care', 'care', 'hold', 'power', 'money', 'abl', 'hold', 'abus', 'offic', 'money', 'laundri', 'steal', 'commit', 'crime', 'evas', 'care', 'money']",Negative
8/5/2020,Trump,PasteMagazine,TweetDeck,237768,92835,0,The funniest memes and tweets from Trump's disastrous interview with Axis. http://t.co/zHbQDWhct2 http://t.co/VJQmd4e4up,the funniest memes and tweets from trump disastrous interview with axios,"['funniest', 'meme', 'tweet', 'trump', 'disastr', 'interview', 'axi']",Negative
8/5/2020,Trump,RobHelfenbein,Twitter Web App,704,494,0,"Donald Trump has revealed the depths of the country‚Äôs prejudice and forced Americans to reckon with a racist system, writes @DrIbram. http://t.co/4K5rwy0Z6y",donald trump has revealed the depths of the countrys prejudice and forced americans reckon with racist system writes,"['donald', 'trump', 'reveal', 'depth', 'countri', 'prejudic', 'forc', 'american', 'reckon', 'racist', 'system', 'write']",Negative
8/5/2020,Biden,DavidBrodyCBN,Twitter for iPhone,27566,1791,0,Bien to Black Journalist: ‚ÄòAre You a Sunkie?‚Äô http://t.co/jmwykNI4rh,biden black journalist are you junkie,"['bien', 'black', 'journalist', 'junki']",Neutral
8/5/2020,Trump,bigboymanny101,Twitter for Android,26,107,0,@Philly I made the joke that it just looked like the hamster kept jumping of the wheel everytime trump talks,made the joke that it just looked like the hamster kept jumping of the wheel everytime trump talks,"['made', 'joke', 'look', 'like', 'hamster', 'kept', 'jump', 'wheel', 'everytim', 'trump', 'talk']",Positive
8/5/2020,Trump,rufultz,Twitter for iPhone,449,386,0,"There‚Äôs a difference between a conservative and a Trump supporter, let‚Äôs not forget that.",theres difference between conservative and trump supporter lets not forget that,"['there', 'differ', 'conserv', 'trump', 'support', 'let', 'forget']",Positive
8/5/2020,Trump,rselitto,Twitter for iPad,13,78,0,"Trump's Tax Nightmare Comes True As No D.A. Robes Fraud, Demands Taxes ... http://t.co/HUNYllI36J via @YouTube",trump tax nightmare comes true as ny da probes fraud demands taxes via,"['trump', 'nightmar', 'come', 'true', 'probe', 'fraud', 'demand', 'tax']",Negative
8/5/2020,Trump,larryodean,Twitter for iPhone,830,1966,0,Americans Support Using U.S. Costal Service to Ship Trump to Different Address http://t.co/JQkzbdCa4j,americans support using postal service ship trump different address,"['american', 'support', 'use', 'postal', 'servic', 'ship', 'trump', 'differ', 'address']",Positive
8/5/2020,Trump,Cindy51924502,Twitter for Android,8,157,0,@HillaryClinton No that's you Democrats that want mail in to cheat and beat him don't lie on Trump,no that you democrats that want mail in cheat and beat him do not lie trump,"['democrat', 'want', 'mail', 'cheat', 'beat', 'trump']",Negative
8/5/2020,Trump,Dimm1313,Twitter for iPhone,0,2,1,@realDonaldTrump We will in November.... bye bye trump,we will in november bye bye trump,"['novemb', 'trump']",Neutral
8/5/2020,Trump,AnnaMills1953,Twitter Web App,2763,5001,0,"Trump on John Lewis: He Didn‚Äôt Come to My Inauguration, So I Didn‚Äôt Go to His Funeral, and I‚Äôve One More for Blacks Than He Did http://t.co/An4e0WcgnF via @TheRoot",trump john lewis he didnt come my inauguration so didnt go his funeral and ive done more for blacks than he did via,"['trump', 'john', 'lewi', 'didnt', 'come', 'inaugur', 'didnt', 'funer', 'done', 'black']",Neutral
8/5/2020,Biden,AriAramesh,Twitter for iPhone,9472,741,0,We WILL WITH BIDEN! http://t.co/rsaCT5n78Q,we will with biden,['bien'],Neutral
8/5/2020,Trump,deathrider06,Twitter for iPhone,44,249,0,@CNNPolitics How is CNN going to spin thisü§î to make trump look bad?,how cnn going spin this make trump look bad,"['go', 'spin', 'make', 'trump', 'look']",Negative
8/5/2020,Trump,juliarobbmar,Twitter Web App,2122,2352,0,"Factor w/works for Trump: Laziness. People who don't want to think about Trump and even more, what they themselves believe. Watching FX lies and getting angry feels good. Thinking/studying is hard. Issues, reading comprehension is hard.",factor wworks for trump laziness people who do not want think about trump and even more what they themselves believe watching fox lies and getting angry feels good thinkingstudying hard issues reading comprehension hard,"['factor', 'work', 'trump', 'lazi', 'peopl', 'want', 'think', 'trump', 'even', 'believ', 'watch', 'lie', 'get', 'angri', 'feel', 'good', 'thinkingstudi', 'hard', 'issu', 'read', 'comprehens', 'hard']",Negative
8/5/2020,Trump,realMrDoggity,Twitter Web App,101,258,0,"@gtconway3d ""Both sides"" = Trump's arse and his pie hole.",both sides trump arse and his pie hole,"['side', 'trump', 'ars', 'hole']",Neutral
8/5/2020,Biden,cozuna1,Twitter for iPhone,11,79,0,@kayleighmcenany I am sorry - did I miss something?  Is Hunter Bien running for office to serve the American people?,sorry did miss something hunter biden running for office serve the american people,"['sorri', 'miss', 'someth', 'hunter', 'bien', 'run', 'offic', 'serv', 'american', 'peopl']",Negative
8/5/2020,Trump,Whitj001,Twitter for iPad,183,1077,0,"@Mocraig13 Yes, Joe should debate him. Joe should not deviate from the norms of American elections. Trump can be dealt with by calling him out in real time for his By, and hiding him with facts.
Because Trump is a pathological liar, I would like to see moderators fact check in real time.",yes joe should debate him joe should not deviate from the norms of american elections trump can be dealt with by calling him out in real time for his bs and hiting him with facts because trump pathological liar would like see moderators fact check in real time,"['debat', 'deviat', 'norm', 'american', 'elect', 'trump', 'dealt', 'call', 'real', 'time', 'hide', 'fact', 'trump', 'patholog', 'liar', 'would', 'like', 'moder', 'fact', 'check', 'real', 'time']",Positive
8/5/2020,Trump,Rana_pipiens,Twitter Web App,82,102,0,"Poll: Trump, Ernest lead Democratic challengers by 3 points in Iowa http://t.co/bEBmjD9Six",poll trump ernst lead democratic challengers by points in iowa,"['poll', 'trump', 'ernest', 'lead', 'democrat', 'challeng', 'point', 'iowa']",Positive
8/5/2020,Trump,BronxBomber447,Twitter for iPhone,54,515,0,@hannahcunliffe5 Who am I defending? Not trump. Not Epstein. Not Einstein. Not Roy Moore.,who defending not trump not epstein not weinstein not roy moore,"['defend', 'trump', 'epstein', 'einstein', 'moor']",Neutral
8/5/2020,Biden,MarshaAz58,Twitter for iPad,2009,1768,0,@axcomrade Split the progressive vote Bien moves in.,split the progressive vote biden moves in,"['split', 'progress', 'vote', 'bien', 'move']",Neutral
8/5/2020,Trump,NeedHealthc4ALL,Twitter for Android,5,43,0,@senatemajldr How dare you!! Everything you sign is for Trump's rich buddies!!! You don't care about your own people in Kentucky!!,how dare you everything you sign for trump rich buddies you do not care about your own people in kentucky,"['dare', 'everyth', 'sign', 'trump', 'rich', 'buddi', 'care', 'peopl', 'kentucki']",Positive
8/5/2020,Trump,notevelyne,Twitter for iPhone,213,127,0,if trump wins another election i hope people don‚Äôt forget OC still exists and there is hope üòå‚ú®,if trump wins another election hope people do not forget aoc still exists and there hope,"['trump', 'win', 'anoth', 'elect', 'hope', 'peopl', 'forget', 'still', 'exist', 'hope']",Positive
8/5/2020,Trump,Katj512,Twitter for Android,2169,4993,0,@GOPLeader It's a pandemic. And the horrible way Trump has acted is on every OP senator that voted for a sham trial.,it pandemic and the horrible way trump has acted every gop senator that voted for sham trial,"['pandem', 'horribl', 'trump', 'act', 'everi', 'senat', 'vote', 'sham', 'trial']",Negative
8/5/2020,Trump,KevinDorvil,Twitter for Android,204,687,0,"Sometimes I think, if instead of killing those spiders as a kid, I let them outside, maybe, just maybe, I would have had enough karma to prevent the Trump administration. 

It must be bad karma! It AS to be!",sometimes think if instead of killing those spiders as kid let them outside maybe just maybe would have had enough karma prevent the trump administration it must be bad karma it has be,"['sometim', 'think', 'instead', 'kill', 'spider', 'outsid', 'mayb', 'mayb', 'would', 'enough', 'karma', 'prevent', 'trump', 'administr', 'must', 'karma']",Negative
8/5/2020,Biden,NiesJewel,Twitter for Android,28,74,0,@justinamash Then we need to make it better. VOTE Bien http://t.co/tXXam2FLB,then we need make it better vote biden,"['need', 'make', 'better', 'vote', 'bien']",Positive
8/5/2020,Trump,DJSWRD,Twitter for iPad,4,4,0,@BillKristol No it does not say it all. What is indicated is that the Republicans will do anything in addition to aligning with the incompetent lowlife Trump to keep in power. The sickness is palpable.,no it does not say it all what indicated that the republicans will do anything in addition aligning with the incompetent lowlife trump keep in power the sickness palpable,"['indic', 'republican', 'anyth', 'addit', 'align', 'incompet', 'lowlif', 'trump', 'keep', 'power', 'sick', 'palpabl']",Negative
8/5/2020,Trump,ttgriffie,Twitter for iPad,1906,1963,0,Trump: Obama spying 'beyond what anybody ever thought even possible' http://t.co/eczeYCtzP0,trump obama spying beyond what anybody ever thought even possible,"['trump', 'obama', 'spi', 'beyond', 'anybodi', 'ever', 'thought', 'even', 'possibl']",Neutral
8/6/2020,Trump,SonnyJackson2,Twitter for iPhone,1248,1172,0,"@BarackObama Carack Obama weaponized the Federal Government to spy on Candidate Trump.  Maybe you have heard of it, it's called OBAMAGATE.  Spygate leads back to Obama, the ring leader.  #Obamagate",barack obama weaponized the federal government spy candidate trump maybe you have heard of it it called obamagate spygate leads back obama the ring leader obamagate,"['carack', 'obama', 'weapon', 'feder', 'govern', 'candid', 'trump', 'mayb', 'heard', 'call', 'obamag', 'spygat', 'lead', 'back', 'obama', 'ring', 'leader', 'obamag']",Neutral
8/6/2020,Trump,EricKleefeld,Twitter Web App,13979,1945,0,"This whole investigation started because George Papadopoulos blabbed to a former big-name conservative politician from Australia that Trump was getting help from Russia. (He must‚Äôve figured Alexander Owner would share his joy about this, instead of reporting it.) http://t.co/Otc9qui1I",this whole investigation started because george papadopoulos blabbed former bigname conservative politician from australia that trump was getting help from russia he mustve figured alexander downer would share his joy about this instead of reporting it,"['whole', 'investig', 'start', 'georg', 'papadopoulo', 'blab', 'former', 'ignam', 'conserv', 'politician', 'australia', 'trump', 'get', 'help', 'russia', 'muste', 'figur', 'alexand', 'downer', 'would', 'share', 'instead', 'report']",Positive
8/6/2020,Trump,JohnAdamsGA,Twitter for Android,743,749,0,"@4YrsToday Donald Trump says a lot of dumb things with no basis in reality.

He's probably the last person on the planet anyone should rely on for judgements of others' credibility.

He didn't earn the name ""Don the Con"" for nothing.",donald trump says lot of dumb things with no basis in reality he probably the last person the planet anyone should rely for judgements of others credibility he did not earn the name don the con for nothing,"['donald', 'trump', 'say', 'dumb', 'thing', 'basi', 'realiti', 'probabl', 'last', 'person', 'planet', 'anyon', 'reli', 'judgement', 'other', 'credibl', 'earn', 'name', 'noth']",Negative
8/6/2020,Biden,DGrey2,Twitter for iPhone,16,0,0,@HansNichols Does Bien already have covid no travel?,does biden already have covid no travel,"['bien', 'alreadi', 'covid', 'travel']",Negative
8/6/2020,Biden,Team3len,Twitter Web App,3160,3784,0,"Bien scraps plans to travel to Milwaukee for nomination acceptance, citing coronavirus concerns http://t.co/so6T8imQqJ #FoxNews",biden scraps plans travel milwaukee for nomination acceptance citing coronavirus concerns foxnews,"['bien', 'scrap', 'plan', 'travel', 'milwauke', 'nomin', 'accept', 'cite', 'coronaviru', 'concern', 'foxnew']",Positive
8/6/2020,Trump,yesimrite,Twitter for Android,633,605,0,"@Whitehouse No matter how many lies you tell, your guilt remains the same.
The fact is the only ventilators we had were due to the preparedness of the Obama administration. They also had more ordered which the foul trump crew canceled. Your incompetence cost American lives.
#VoteBlue2020",no matter how many lies you tell your guilt remains the same the fact the only ventilators we had were due the preparedness of the obama administration they also had more ordered which the foul trump crew canceled your incompetence cost american lives voteblue,"['matter', 'mani', 'lie', 'tell', 'guilt', 'remain', 'fact', 'ventil', 'prepared', 'obama', 'administr', 'also', 'order', 'foul', 'trump', 'crew', 'cancel', 'incompet', 'cost', 'american', 'life', 'voteblu']",Negative
8/6/2020,Trump,dunwreath,Twitter for iPhone,279,1218,0,"If Sally Yates was a Trump appointee she would be in Leavenworth already.

Justice is not blind. Sally Yates just testified that George Papadopolis was a Russian agent!",if sally yates was trump appointee she would be in leavenworth already justice not blind sally yates just testified that george papadopolis was russian agent,"['salli', 'yate', 'trump', 'appointe', 'would', 'leavenworth', 'alreadi', 'justic', 'blind', 'salli', 'yate', 'testifi', 'georg', 'papadopoli', 'russian', 'agent']",Neutral
8/6/2020,Trump,cynopterus_s,Twitter for iPhone,153,781,0,"@dale8 Obama is one of the most well spoken, great orators of our time. To those who listen to Trump believe what you want. To anyone who listens and decides for yourself try that and the Axis interview.",obama one of the most well spoken great orators of our time those who listen trump believe what you want anyone who listens and decides for yourself try that and the axios interview,"['obama', 'well', 'spoken', 'great', 'orat', 'time', 'listen', 'trump', 'believ', 'want', 'anyon', 'listen', 'decid', 'axi', 'interview']",Positive
8/6/2020,Trump,stuhunter1,Twitter Web App,2879,3603,0,"Another trump failure:

‚ÄúThousands of foreign workers who entered the U.S. on temporary work visas received $1,200 checks in error during the first round of stimulus payments, and many of them are spending the money in their home nations,‚Äù PR reports.",another trump failure thousands of foreign workers who entered the temporary work visas received checks in error during the first round of stimulus payments and many of them are spending the money in their home nations npr reports,"['anoth', 'trump', 'failur', 'thousand', 'foreign', 'worker', 'enter', 'temporari', 'work', 'visa', 'receiv', 'check', 'error', 'first', 'round', 'stimulu', 'payment', 'mani', 'spend', 'money', 'home', 'nation', 'report']",Negative
8/6/2020,Trump,peggynysom,Twitter Web App,534,237,0,"@mmpadellan Sen. John Kennedy: ""allow me to answer that for Ms. Yates:
I can't speak for Ms. Yates but I do know that over 70% of Americans despise Donald Trump.""",sen john kennedy allow me answer that for ms yates cannot speak for ms yates but do know that over of americans despise donald trump,"['john', 'kennedi', 'allow', 'answer', 'yate', 'speak', 'yate', 'know', 'american', 'despis', 'donald', 'trump']",Negative
8/6/2020,Trump,RobertA92704951,Twitter for Android,150,543,0,"@CarmenSisRice Trump has been a criminal for more than half a decade, & most of his crimes are already expired according to various statutes of limitations, so justice delayed is justice denied. Anyway,there are already several criminal & civil investigations going on, & they aren't going away.",trump has been criminal for more than half decade and most of his crimes are already expired according various statutes of limitations so justice delayed justice denied anywaythere are already several criminal and civil investigations going and they are not going away,"['trump', 'crimin', 'half', 'decad', 'crime', 'alreadi', 'expir', 'accord', 'variou', 'statut', 'limit', 'justic', 'delay', 'justic', 'deni', 'anywayther', 'alreadi', 'sever', 'crimin', 'civil', 'investig', 'go', 'go', 'away']",Negative
8/6/2020,Biden,ormazd72,Twitter Web App,9659,9853,1,Bien should tell him they can hold the debate at To-Semite. http://t.co/h7Cis415Ks,biden should tell him they can hold the debate yosemite,"['bien', 'tell', 'hold', 'debat', 'yosemit']",Neutral
8/6/2020,Trump,KathyGolden1953,Twitter for Android,5856,6440,0,Trump‚Äôs psychiatric disturbance could destroy democracy if he wins a second term: clinical psychologist http://t.co/A6d33daaRA,trumps psychiatric disturbance could destroy democracy if he wins second term clinical psychologist,"['trump', 'psychiatr', 'disturb', 'could', 'destroy', 'democraci', 'win', 'second', 'term', 'clinic', 'psychologist']",Negative
8/6/2020,Trump,EmptyShackles,Twitter Web App,427,240,0,@adz24 Such a Trump wannabe,such trump wannabe,"['trump', 'wannab']",Neutral
8/6/2020,Trump,DorisLo52084286,Twitter for Android,15,279,0,"@robsmithonline People respect Opah, unlike Trump",people respect oprah unlike trump,"['peopl', 'respect', 'opah', 'unlik', 'trump']",Positive
8/6/2020,Biden,radisson52,Twitter for iPhone,13618,14139,0,Watch‚ÄìJoe Bien Snaps at Black Reporter over Cognitive Test Question: ‚ÄòAre You a Sunkie?‚Äô http://t.co/7X5VGbucIy,watchjoe biden snaps black reporter over cognitive test are you junkie,"['watchjo', 'bien', 'snap', 'black', 'report', 'cognit', 'test', 'question', 'junki']",Neutral
8/6/2020,Trump,RodentHour,Twitter for iPhone,1300,1049,0,@mmpadellan But he‚Äôs protecting our 2nd Amendment! Without Trump we wouldn‚Äôt have it. At least according to Trump. üôÑ,but hes protecting our nd amendment without trump we wouldnt have it least according trump,"['protect', 'amend', 'without', 'trump', 'wouldnt', 'least', 'accord', 'trump']",Neutral
8/6/2020,Trump,janeolex1,Twitter for iPhone,186,272,0,Americans desperately want a national coronavirus plan. Trump's perfectly happy doing squat http://t.co/oYH1KWh02,americans desperately want national coronavirus plan trump perfectly happy doing squat,"['american', 'desper', 'want', 'nation', 'coronaviru', 'plan', 'trump', 'perfectli', 'happi', 'squat']",Positive
8/6/2020,Trump,TheOnlyRampart1,StockTwits Web,14589,108,3,$IOC flag possible breakout here. my far plays. this is a plasma play and Trump said this morning on Fox n Friends they need plasma.,bioc flag possible breakout here my favorite plays this plasma play and trump said this morning fox friends they need plasma,"['bloc', 'flag', 'possibl', 'breakout', 'favorit', 'play', 'plasma', 'play', 'trump', 'said', 'morn', 'friend', 'need', 'plasma']",Neutral
8/6/2020,Trump,orion37784018,Twitter Web App,6,45,0,"@CNN President Trump took early action to help curb the spread of the virus from other countries to the United States, providing important time for response and preparations. In February, the President restricted travel for individuals recently traveling from Iran.",president trump took early action help curb the spread of the virus from other countries the united states providing important time for response and preparations in february the president restricted travel for individuals recently traveling from iran,"['presid', 'trump', 'took', 'earli', 'action', 'help', 'curb', 'spread', 'viru', 'countri', 'unit', 'state', 'provid', 'import', 'time', 'respons', 'prepar', 'februari', 'presid', 'restrict', 'travel', 'individu', 'recent', 'travel', 'iran']",Positive
8/7/2020,Biden,KayleeSwantek,Twitter for Android,256,472,0,@JackPosobiec Because it's not pertinent to their smear campaign. They don't care about facts just their narrative to cover Vomit & Bien's guilty ass.,because it not pertinent their smear campaign they do not care about facts just their narrative cover ovomit and biden guilty ass,"['pertin', 'smear', 'campaign', 'care', 'fact', 'narr', 'cover', 'vomit', 'bien', 'guilti']",Negative
8/7/2020,Trump,SFlagirl2000,Twitter for iPhone,4894,4833,0,@ChuckCallesto The American people should demand his appearance or get out of the race. He has proven to everyone he is incompetent to be a President by hiding from the public! President Trump is #1 not afraid to face the people & put America 1st,the american people should demand his appearance or get out of the race he has proven everyone he incompetent be president by hiding from the public president trump not afraid face the people and put america,"['american', 'peopl', 'demand', 'appear', 'race', 'proven', 'everyon', 'incompet', 'presid', 'hide', 'public', 'presid', 'trump', 'afraid', 'face', 'peopl', 'america']",Negative
8/7/2020,Trump,ChuckWi58226939,Twitter for iPhone,2114,4999,0,"Senator Scott you think it‚Äôs better to keep people unemployed with no income, yet senators give themselves raises all the time those raises affect the debt, I think the senators should take pay cuts that would help the debt and stop Trump from playing golf will help the debt. http://t.co/Lst4go8in http://t.co/2y0ZA0BL",senator scott you think its better keep people unemployed with no income yet senators give themselves raises all the time those raises affect the debt think the senators should take pay cuts that would help the debt and trump from playing golf will help the debt,"['senat', 'scott', 'think', 'better', 'keep', 'peopl', 'unemploy', 'incom', 'senat', 'give', 'rais', 'time', 'rais', 'affect', 'debt', 'think', 'senat', 'take', 'cut', 'would', 'help', 'debt', 'stop', 'trump', 'play', 'golf', 'help', 'debt']",Positive
8/7/2020,Biden,TAsterisk,Tumblr,678,830,0,Prof who has predicted the past 9 presidential winners says Bien will win on Nov. 3 - Prof who has predicted the past 9 presidential winners says Bien will win on Nov.¬†3 The history professor who has successfully predicted every presidential... http://t.co/Aykg2Nt3Ma,prof who has predicted the past presidential winners says biden will win nov prof who has predicted the past presidential winners says biden will win nov the history professor who has successfully predicted every presidential,"['prof', 'predict', 'past', 'presidenti', 'winner', 'say', 'bien', 'prof', 'predict', 'past', 'presidenti', 'winner', 'say', 'bien', 'histori', 'professor', 'success', 'predict', 'everi', 'presidenti']",Positive
8/7/2020,Trump,deLIBERnATION,Twitter Web App,3388,4425,0,Trump Doesn‚Äôt Understand the Severity of the Pandemic because he can't comprehend the PD.  He has to be shown color pictures & charts which at least HALF he can't understand.  @Costa is one of the EST journalists out there. We should call Bone Spurs President Umpy Rutherford. http://t.co/MR7uFOSQu,trump doesnt understand the severity of the pandemic because he cannot comprehend the pdb he has be shown color pictures and charts which least half he cannot understand one of the best journalists out there we should call bone spurs president lumpy rutherford,"['trump', 'doesnt', 'understand', 'sever', 'pandem', 'comprehend', 'shown', 'color', 'pictur', 'chart', 'least', 'half', 'understand', 'best', 'journalist', 'call', 'bone', 'spur', 'presid', 'lumpi', 'rutherford']",Positive
8/7/2020,Trump,Staceys55,Twitter for iPhone,28517,7264,0,"@GOPLeader You are not well!!! Last I checked, this virus doesn‚Äôt discriminate by political party. Seems only the Trump party doesn‚Äôt comprehend that simple logic!!!",you are not well last checked this virus doesnt discriminate by political party seems only the trump party doesnt comprehend that simple logic,"['well', 'last', 'check', 'viru', 'doesnt', 'discrimin', 'polit', 'parti', 'seem', 'trump', 'parti', 'doesnt', 'comprehend', 'simpl', 'logic']",Positive
8/7/2020,Trump,drtwinmom2,Twitter for Mac,279,809,0,I love him.  he is great and his wife is too.  I honor no trump reps. for their backbone and lincoln project- i‚Äôm progressive but they have honor. The current OP are spineless traitors who choose party and self-interest over country again and again #GOPBetrayedAmerica http://t.co/1cUnZ8qTvO,love him he great and his wife too honor no trump reps for their backbone and lincoln project im progressive but they have honor the current gop are spineless traitors who choose party and selfinterest over country again and again gopbetrayedamerica,"['love', 'great', 'wife', 'honor', 'trump', 'rep', 'backbon', 'lincoln', 'project', 'progress', 'honor', 'current', 'spineless', 'traitor', 'choos', 'parti', 'selfinterest', 'countri', 'gopbetrayedamerica']",Positive
8/7/2020,Trump,Mister_Twit,Twitter for iPhone,132,169,0,Sign the petition: Stop Trump‚Äôs hiding of COVID-19 data. Sign here: http://t.co/xzbdqK5az3,sign the petition trumps hiding of covid data sign here,"['sign', 'petit', 'stop', 'trump', 'hide', 'covid', 'data', 'sign']",Negative
8/7/2020,Trump,bstaples27,Twitter for Android,1,2,0,I like to say if teachers that hate Donald Trump more were more involved in making sure poor kids were getting a meal at school they open up the schools! Poor kids going hungry!,like say if teachers that hate donald trump more were more involved in making sure poor kids were getting meal school they open up the schools poor kids going hungry,"['like', 'teacher', 'hate', 'donald', 'trump', 'involv', 'make', 'sure', 'poor', 'kid', 'get', 'meal', 'school', 'open', 'school', 'poor', 'kid', 'go', 'hungri']",Negative
8/7/2020,Biden,ComradeHongYou,Twitter for iPhone,951,236,0,"@ComradeCorbyn6 I unironically want him to beat Bien. 

A C C E L E R A T E",unironically want him beat biden,"['uniron', 'want', 'beat', 'bien']",Positive
8/7/2020,Trump,pqpolitics,Twitter for Android,6282,6510,0,"In the era of corrupt, narcissistic, incompetent, malicious, selfish republican grifters like crooked Trump and his We KKKrew, and the spineless OP cowards in the Senate & Congress.

It is easy to forget their opposites, the good humans. 

Like these firefighters from #Beirut http://t.co/hOOfgGi0wt",in the era of corrupt narcissistic incompetent malicious selfish republican grifters like crooked trump and his wh kkkrew and the spineless gop cowards in the senate and congress it easy forget their opposites the good humans like these firefighters from beirut,"['corrupt', 'narcissist', 'incompet', 'malici', 'selfish', 'republican', 'grifter', 'like', 'crook', 'trump', 'knew', 'spineless', 'coward', 'senat', 'congress', 'easi', 'forget', 'opposit', 'good', 'human', 'like', 'firefight', 'beirut']",Positive
8/7/2020,Trump,KazePlays_JC,Twitter for iPad,6714,6092,0,"Do you think the world is going to forgive us for letting Donald Trump happen in the first place?

I‚Äôd like to get a handle on the number of apology letters to send.",do you think the world going forgive for letting donald trump happen in the first place id like get handle the number of apology letters send,"['think', 'world', 'go', 'forgiv', 'let', 'donald', 'trump', 'happen', 'first', 'place', 'like', 'handl', 'number', 'apolog', 'letter', 'send']",Positive
8/7/2020,Trump,higgins_donna,SmartNews | „Çπ„Éû„Éº„Éà„Éã„É•„Éº„Çπ,6176,6496,0,Lincoln Project ad burns ‚Äòpampered princeling‚Äô Dared Kushner as Trump‚Äôs ‚ÄòSecretary of Failure‚Äô http://t.co/oJW4yoy1S #SmartNews,lincoln project ad burns pampered princeling jared kushner as trumps secretary of failure smartnews,"['lincoln', 'project', 'burn', 'pamper', 'princel', 'dare', 'kushner', 'trump', 'secretari', 'failur', 'smart']",Negative
8/7/2020,Trump,sassyfangirl55,Twitter for iPhone,284,207,0,Trump will try anything to win. http://t.co/gcGQDxtx1K,trump will try anything win,"['trump', 'anyth']",Positive
8/7/2020,Trump,TheHubrisGuy,Twitter for Android,3291,168,0,It kicks so much ass that right after the Jonathan Swan interview with Trump we get this. This is ancient rome level shit http://t.co/IX0So8tz,it kicks so much ass that right after the jonathan swan interview with trump we get this this ancient rome level shit,"['kick', 'much', 'right', 'jonathan', 'swan', 'interview', 'trump', 'ancient', 'rome', 'level', 'shit']",Negative
8/7/2020,Trump,nopil3os,Twitter for Android,56,167,0,if you take a ordinary trump speech and arrange the words new in random order it still sounds like an ordinary trump speech,if you take ordinary trump speech and arrange the words new in random order it still sounds like an ordinary trump speech,"['take', 'ordinari', 'trump', 'speech', 'arrang', 'word', 'random', 'order', 'still', 'sound', 'like', 'ordinari', 'trump', 'speech']",Positive
8/7/2020,Trump,DianaSc99717236,Twitter Web App,440,434,0,This Mary Trump revelation about Donald Trump is startling http://t.co/mYzxH7UKhh via @PalmerReport,this mary trump revelation about donald trump startling via,"['mari', 'trump', 'revel', 'donald', 'trump', 'startl']",Positive
8/7/2020,Trump,Timothy55417262,Twitter Web App,24,171,0,"Money Maundering
Trump Panama Building A Magnet For Dirty Money Maundering | On Assignment with Richard Angel | MSBC http://t.co/g7NbBBady5",money laundering trump panama building magnet for dirty money laundering assignment with richard engel msnbc,"['money', 'launder', 'trump', 'panama', 'build', 'magnet', 'dirti', 'money', 'launder', 'assign', 'richard', 'angel', 'msnbc']",Negative
8/7/2020,Biden,fr045054,Twitter Web App,31,199,0,"NOT ONLY CREEPY OE BIDEN WHO WISHES To BECOME PRESIDENT Of CHINA. ANYBODY WHO OES NOT SACRIFICE OR THEIR ON COUNTRY OES NOT DESERVE To By PRESIDENT Of OG CATCHER ANYWHERE.
I WILL ALWAYS Go OR THE ONE WHO PLAYS To IN In LL AND SACRIFICES A POINT MEN OR LL AMERICAN.üá∫üá∏",not only creepy joe biden who wishes become president of china anybody who does not sacrifice for their own country does not deserve be president or dog catcher anywhere will always go for the one who plays win it all and sacrifices as point men for all americans,"['creepi', 'bien', 'wish', 'becom', 'presid', 'china', 'anybodi', 'sacrific', 'countri', 'deserv', 'presid', 'catcher', 'anywher', 'alway', 'play', 'sacrific', 'point', 'american']",Positive
8/7/2020,Biden,Maximil86429959,Twitter Web App,535,790,0,"Joe Bien has an appointment today with his good friend and personal doctor. Dr. Al.........

Dr. Al Zheimers! üòÖüòÜüëçü©∫üå°Ô∏èüíä",joe biden has an appointment today with his good friend and personal doctor dr al dr al zheimers,"['bien', 'appoint', 'today', 'good', 'friend', 'person', 'doctor', 'zheimer']",Positive
8/7/2020,Trump,JoeyM728,Twitter Web App,1699,2113,0,"@wolfers It's just about the only attention the evil unfair media pays to Joe while they slobber over Trump's every sadistic grunt, I'm happy to keep the suspense going.",it just about the only attention the evil unfair media pays joe while they slobber over trump every sadistic grunt im happy keep the suspense going,"['attent', 'evil', 'unfair', 'medium', 'pay', 'slobber', 'trump', 'everi', 'sadist', 'grunt', 'happi', 'keep', 'suspens', 'go']",Negative
8/7/2020,Trump,thiccsnakechee1,Twitter for iPhone,1,6,0,@realDonaldTrump the j in donald j trump stands for ‚Äúgenius‚Äù n e ways chile,the j in donald j trump stands for jenius ways chile,"['donald', 'trump', 'stand', 'geniu', 'way', 'chile']",Neutral
8/7/2020,Biden,ayoedebiri,Twitter Web App,49051,1379,1,"I'm signing up to phonebank for Joe Bien, aren't I.... (yes, Ago. yes you are.) http://t.co/2SaoEAYZFF",im signing up phonebank for joe biden are not yes ayo yes you are,"['sign', 'phonebank', 'bien']",Negative
8/7/2020,Trump,bobbyjoejimjack,TweetDeck,263,746,0,@markbspiegel He's not wrong. Fed manipulation will be even roar effective if Trump wins. Until it isn't.,he not wrong fed manipulation will be even moar effective if trump wins until it not,"['wrong', 'manipul', 'even', 'roar', 'effect', 'trump', 'win']",Positive
8/8/2020,Trump,JaEmBee1,Twitter Web App,175,331,0,"Just got a notification from @nytimes  that the State Department's acting inspector general resigned, less than 3 months after tump fired his predecessor.  How freaking telling is THAT?? What must be going on - that he would hop out so fast?",just got notification from that the state department acting inspector general resigned less than months after trump fired his predecessor how freaking telling that what must be going that he would hop out so fast,"['notif', 'state', 'depart', 'act', 'inspector', 'gener', 'resign', 'le', 'month', 'trump', 'fire', 'predecessor', 'freak', 'tell', 'must', 'go', 'would', 'fast']",Negative
8/8/2020,Trump,AkaFbr,Twitter for iPhone,2968,2950,0,"@realDonaldTrump The majority of people are sick of your crap! I thought I‚Äôd never say this to a president of our country, you deserve no respect whatsoever. Look at how you react when someone calls you out: http://t.co/9fr4JOkyEO",the majority of people are sick of your crap thought id never say this president of our country you deserve no respect whatsoever look how you react when someone calls you out,"['major', 'peopl', 'sick', 'crap', 'thought', 'never', 'presid', 'countri', 'deserv', 'respect', 'whatsoev', 'look', 'react', 'someon', 'call']",Negative
8/8/2020,Trump,hero4hire4,Twitter for iPhone,7451,7420,0,"BREAKING: President Trump on OJ Investigations into Obamagate: ""I Do Hear It's Breathtaking What They Found"" (VIDEO) http://t.co/unConAk2Th",breaking president trump doj investigations into obamagate do hear it breathtaking what they found video,"['break', 'presid', 'trump', 'investig', 'obamag', 'hear', 'breathtak', 'found', 'video']",Positive
8/8/2020,Trump,lonestarmoocher,Twitter for iPhone,2367,3497,0,After the President‚Äôs disaster interview with Axis. Trump shows some concerns he immediately went to the phone and called Ivanna and asked how did my Hair Look. üëÄ,after the presidents disaster interview with axios trump shows some concerns he immediately went the phone and called ivanka and asked how did my hair look,"['presid', 'disast', 'interview', 'axi', 'trump', 'show', 'concern', 'immedi', 'went', 'phone', 'call', 'ivanka', 'ask', 'hair', 'look']",Negative
8/8/2020,Trump,bdholtzman,Twitter Web App,1731,2080,0,"@HKrassenstein No, another lie by trump to distract and obfuscate from his own criminal behavior.

Tommyto, tomato, I know...",no another lie by trump distract and obfuscate from his own criminal behavior tomayto tomahto know,"['anoth', 'trump', 'distract', 'obfusc', 'crimin', 'behavior', 'tommyto', 'tomato', 'know']",Negative
8/8/2020,Trump,RachCarmona,Twitter Web App,1314,1166,1,Trump out here saying Obama is mad for calling for voting rights expansion. This president has got to go. We're not even waiting til November. Let's remove him. http://t.co/ra1hKJLmMD,trump out here saying obama mad for calling for voting rights expansion this president has got go we are not even waiting today learned november let remove him,"['trump', 'say', 'obama', 'call', 'vote', 'right', 'expans', 'presid', 'even', 'wait', 'today', 'learn', 'novemb', 'remov']",Negative
8/8/2020,Biden,saitoryu,Twitter Web App,368,758,1,@JacktheFate For me that's when she started to dip. Then when she tried to paint Jernie as a closeted sexist sealed my hatred. Then she NEVER went after Bien. Even though her supporters swore she would. Then to have certain leftist personalities prop her up was infuriating.,for me that when she started dip then when she tried paint bernie as closeted sexist sealed my hatred then she never went after biden even though her supporters swore she would then have certain lefitst personalities prop her up was infuriating,"['start', 'tri', 'paint', 'jerni', 'closet', 'sexist', 'seal', 'hatr', 'never', 'went', 'bien', 'even', 'though', 'support', 'swore', 'would', 'certain', 'leftist', 'person', 'prop', 'infuri']",Negative
8/8/2020,Trump,faridahmalik55,Twitter for iPad,317,676,0,@support_dem More horrific is OP continuing their support. Do they really think that they‚Äôll get away with it post Trump ?,more horrific gop continuing their support do they really think that theyll get away with it post trump,"['horrif', 'continu', 'support', 'realli', 'think', 'they', 'away', 'post', 'trump']",Negative
8/8/2020,Trump,Rick95648,Twitter for Android,4774,4625,0,"@dbongino Republicans are elephants...
Trump is the lion...
Joe...well he is an old slow crow.. http://t.co/09Up2i2din",republicans are elephants trump the lion joe well he an old slow crow,"['republican', 'eleph', 'trump', 'lion', 'well', 'slow', 'crow']",Neutral
8/8/2020,Trump,TrumpTheCrimin1,Twitter Web App,5599,5837,1,157K Head Americans.  Trump is criminally inept and stupid making him a murderer of Americans. http://t.co/RIFyRyu4No,k dead americans trump criminally inept and stupid making him murderer of americans,"['dead', 'american', 'trump', 'crimin', 'inept', 'stupid', 'make', 'murder', 'american']",Negative
8/8/2020,Trump,MamaSitaa__,Twitter for Android,710,299,0,Science is real. Trump's expertise is not.,science real trump expertise not,"['scienc', 'real', 'trump', 'expertis']",Neutral
8/8/2020,Trump,Cheryl84419609,Twitter Web App,0,15,0,"@seanhannity It‚Äôs not appalling when people ask Trump questions about his health, once they accused the President of snorting cocaine cause he seemed to sniffle to much during press conferences hahas! So don‚Äôt take it personally Joe unless of course you are on drugs.",its not appalling when people ask trump questions about his health once they accused the president of snorting cocaine cause he seemed sniffle much during press conferences hahaa so do not take it personally joe unless of course you are drugs,"['appal', 'peopl', 'trump', 'question', 'health', 'accus', 'presid', 'snort', 'cocain', 'caus', 'seem', 'sniffl', 'much', 'press', 'confer', 'haha', 'take', 'person', 'unless', 'cours', 'drug']",Negative
8/8/2020,Trump,JeffreyDaviso13,Twitter Web App,906,1640,0,Is anyone dumb enough to believe the ISA warrant on Carter Page was not used to get surveillance on Donald Trump? Mr Durham needs to hurry up!,anyone dumb enough believe the fisa warrant carter page was not used get surveillance donald trump mr durham needs hurry up,"['anyon', 'dumb', 'enough', 'believ', 'fish', 'warrant', 'carter', 'page', 'use', 'surveil', 'donald', 'trump', 'durham', 'need', 'hurri']",Negative
